<?xml version="1.0" encoding="UTF-8"?>
<metadata xml:lang="en"><Esri><CreaDate>20110323</CreaDate><CreaTime>15100400</CreaTime><ArcGISFormat>1.0</ArcGISFormat><ArcGISstyle>FGDC CSDGM Metadata</ArcGISstyle><SyncOnce>TRUE</SyncOnce><DataProperties><lineage><Process ToolSource="C:\Program Files (x86)\ArcGIS\Desktop10.0\ArcToolbox\Toolboxes\Data Management Tools.tbx\AddField" Date="20110323" Time="151004">AddField "PL Data Shapes\co5_blkgrp10_PLdata" ACRES DOUBLE 20 3 # # NON_NULLABLE NON_REQUIRED #</Process></lineage></DataProperties></Esri></metadata>
